--------------------------------------------------------
--  File created - Saturday-September-14-2019   
--------------------------------------------------------
--------------------------------------------------------
--  DDL for Table MENU_INFO
--------------------------------------------------------

  CREATE TABLE "MIAWW"."MENU_INFO" 
   (	"MENU_ID" VARCHAR2(20 BYTE), 
	"MENU_NAME" VARCHAR2(20 BYTE), 
	"MENU_STATUS" VARCHAR2(20 BYTE)
   ) SEGMENT CREATION IMMEDIATE 
  PCTFREE 10 PCTUSED 40 INITRANS 1 MAXTRANS 255 
 NOCOMPRESS LOGGING
  STORAGE(INITIAL 65536 NEXT 1048576 MINEXTENTS 1 MAXEXTENTS 2147483645
  PCTINCREASE 0 FREELISTS 1 FREELIST GROUPS 1
  BUFFER_POOL DEFAULT FLASH_CACHE DEFAULT CELL_FLASH_CACHE DEFAULT)
  TABLESPACE "USERS" ;
--------------------------------------------------------
--  DDL for Table USER_INFO
--------------------------------------------------------

  CREATE TABLE "MIAWW"."USER_INFO" 
   (	"USER_ID" VARCHAR2(20 BYTE), 
	"USERNAME" VARCHAR2(20 BYTE), 
	"PASSWORD" VARCHAR2(20 BYTE), 
	"EMAIL" VARCHAR2(20 BYTE), 
	"USER_STATUS" VARCHAR2(20 BYTE), 
	"ROLE_ID" VARCHAR2(20 BYTE)
   ) SEGMENT CREATION IMMEDIATE 
  PCTFREE 10 PCTUSED 40 INITRANS 1 MAXTRANS 255 
 NOCOMPRESS LOGGING
  STORAGE(INITIAL 65536 NEXT 1048576 MINEXTENTS 1 MAXEXTENTS 2147483645
  PCTINCREASE 0 FREELISTS 1 FREELIST GROUPS 1
  BUFFER_POOL DEFAULT FLASH_CACHE DEFAULT CELL_FLASH_CACHE DEFAULT)
  TABLESPACE "USERS" ;
--------------------------------------------------------
--  DDL for Table ROLE_MENU_MAP
--------------------------------------------------------

  CREATE TABLE "MIAWW"."ROLE_MENU_MAP" 
   (	"ROLE_ID" VARCHAR2(20 BYTE), 
	"MENU_ID" VARCHAR2(20 BYTE)
   ) SEGMENT CREATION IMMEDIATE 
  PCTFREE 10 PCTUSED 40 INITRANS 1 MAXTRANS 255 
 NOCOMPRESS LOGGING
  STORAGE(INITIAL 65536 NEXT 1048576 MINEXTENTS 1 MAXEXTENTS 2147483645
  PCTINCREASE 0 FREELISTS 1 FREELIST GROUPS 1
  BUFFER_POOL DEFAULT FLASH_CACHE DEFAULT CELL_FLASH_CACHE DEFAULT)
  TABLESPACE "USERS" ;
--------------------------------------------------------
--  DDL for Table ROLE_INFO
--------------------------------------------------------

  CREATE TABLE "MIAWW"."ROLE_INFO" 
   (	"ROLE_ID" VARCHAR2(20 BYTE), 
	"ROLE_NAME" VARCHAR2(20 BYTE), 
	"ROLE_STATUS" VARCHAR2(20 BYTE)
   ) SEGMENT CREATION IMMEDIATE 
  PCTFREE 10 PCTUSED 40 INITRANS 1 MAXTRANS 255 
 NOCOMPRESS LOGGING
  STORAGE(INITIAL 65536 NEXT 1048576 MINEXTENTS 1 MAXEXTENTS 2147483645
  PCTINCREASE 0 FREELISTS 1 FREELIST GROUPS 1
  BUFFER_POOL DEFAULT FLASH_CACHE DEFAULT CELL_FLASH_CACHE DEFAULT)
  TABLESPACE "USERS" ;
REM INSERTING into MIAWW.MENU_INFO
SET DEFINE OFF;
Insert into MIAWW.MENU_INFO (MENU_ID,MENU_NAME,MENU_STATUS) values ('1','CREATE_USER','1');
Insert into MIAWW.MENU_INFO (MENU_ID,MENU_NAME,MENU_STATUS) values ('2','DELETE_USER','1');
Insert into MIAWW.MENU_INFO (MENU_ID,MENU_NAME,MENU_STATUS) values ('3','EDIT_USER_ADMIN','1');
Insert into MIAWW.MENU_INFO (MENU_ID,MENU_NAME,MENU_STATUS) values ('4','EDIT_USER','1');
Insert into MIAWW.MENU_INFO (MENU_ID,MENU_NAME,MENU_STATUS) values ('5','LIST_USER','1');
REM INSERTING into MIAWW.USER_INFO
SET DEFINE OFF;
Insert into MIAWW.USER_INFO (USER_ID,USERNAME,PASSWORD,EMAIL,USER_STATUS,ROLE_ID) values ('1','admin','password','mail','1','1');
Insert into MIAWW.USER_INFO (USER_ID,USERNAME,PASSWORD,EMAIL,USER_STATUS,ROLE_ID) values ('2','sales','password','mail1','1','3');
Insert into MIAWW.USER_INFO (USER_ID,USERNAME,PASSWORD,EMAIL,USER_STATUS,ROLE_ID) values ('3','marketing','password','mail2','1','2');
REM INSERTING into MIAWW.ROLE_MENU_MAP
SET DEFINE OFF;
Insert into MIAWW.ROLE_MENU_MAP (ROLE_ID,MENU_ID) values ('1','1');
Insert into MIAWW.ROLE_MENU_MAP (ROLE_ID,MENU_ID) values ('1','2');
Insert into MIAWW.ROLE_MENU_MAP (ROLE_ID,MENU_ID) values ('1','3');
Insert into MIAWW.ROLE_MENU_MAP (ROLE_ID,MENU_ID) values ('1','4');
Insert into MIAWW.ROLE_MENU_MAP (ROLE_ID,MENU_ID) values ('1','5');
Insert into MIAWW.ROLE_MENU_MAP (ROLE_ID,MENU_ID) values ('2','4');
Insert into MIAWW.ROLE_MENU_MAP (ROLE_ID,MENU_ID) values ('3','4');
REM INSERTING into MIAWW.ROLE_INFO
SET DEFINE OFF;
Insert into MIAWW.ROLE_INFO (ROLE_ID,ROLE_NAME,ROLE_STATUS) values ('1','ADMIN','1');
Insert into MIAWW.ROLE_INFO (ROLE_ID,ROLE_NAME,ROLE_STATUS) values ('2','MARKETING','1');
Insert into MIAWW.ROLE_INFO (ROLE_ID,ROLE_NAME,ROLE_STATUS) values ('3','SALES','1');
--------------------------------------------------------
--  DDL for Index MENU_INFO_PK
--------------------------------------------------------

  CREATE UNIQUE INDEX "MIAWW"."MENU_INFO_PK" ON "MIAWW"."MENU_INFO" ("MENU_ID") 
  PCTFREE 10 INITRANS 2 MAXTRANS 255 COMPUTE STATISTICS 
  STORAGE(INITIAL 65536 NEXT 1048576 MINEXTENTS 1 MAXEXTENTS 2147483645
  PCTINCREASE 0 FREELISTS 1 FREELIST GROUPS 1
  BUFFER_POOL DEFAULT FLASH_CACHE DEFAULT CELL_FLASH_CACHE DEFAULT)
  TABLESPACE "USERS" ;
--------------------------------------------------------
--  DDL for Index USER_INFO_PK
--------------------------------------------------------

  CREATE UNIQUE INDEX "MIAWW"."USER_INFO_PK" ON "MIAWW"."USER_INFO" ("USER_ID") 
  PCTFREE 10 INITRANS 2 MAXTRANS 255 
  STORAGE(INITIAL 65536 NEXT 1048576 MINEXTENTS 1 MAXEXTENTS 2147483645
  PCTINCREASE 0 FREELISTS 1 FREELIST GROUPS 1
  BUFFER_POOL DEFAULT FLASH_CACHE DEFAULT CELL_FLASH_CACHE DEFAULT)
  TABLESPACE "USERS" ;
--------------------------------------------------------
--  DDL for Index USER_INFO_UK1
--------------------------------------------------------

  CREATE UNIQUE INDEX "MIAWW"."USER_INFO_UK1" ON "MIAWW"."USER_INFO" ("USERNAME") 
  PCTFREE 10 INITRANS 2 MAXTRANS 255 COMPUTE STATISTICS 
  STORAGE(INITIAL 65536 NEXT 1048576 MINEXTENTS 1 MAXEXTENTS 2147483645
  PCTINCREASE 0 FREELISTS 1 FREELIST GROUPS 1
  BUFFER_POOL DEFAULT FLASH_CACHE DEFAULT CELL_FLASH_CACHE DEFAULT)
  TABLESPACE "USERS" ;
--------------------------------------------------------
--  DDL for Index ROLE_INFO_PK
--------------------------------------------------------

  CREATE UNIQUE INDEX "MIAWW"."ROLE_INFO_PK" ON "MIAWW"."ROLE_INFO" ("ROLE_ID") 
  PCTFREE 10 INITRANS 2 MAXTRANS 255 
  STORAGE(INITIAL 65536 NEXT 1048576 MINEXTENTS 1 MAXEXTENTS 2147483645
  PCTINCREASE 0 FREELISTS 1 FREELIST GROUPS 1
  BUFFER_POOL DEFAULT FLASH_CACHE DEFAULT CELL_FLASH_CACHE DEFAULT)
  TABLESPACE "USERS" ;
--------------------------------------------------------
--  Constraints for Table MENU_INFO
--------------------------------------------------------

  ALTER TABLE "MIAWW"."MENU_INFO" MODIFY ("MENU_ID" NOT NULL ENABLE);
  ALTER TABLE "MIAWW"."MENU_INFO" ADD CONSTRAINT "MENU_INFO_PK" PRIMARY KEY ("MENU_ID")
  USING INDEX PCTFREE 10 INITRANS 2 MAXTRANS 255 COMPUTE STATISTICS 
  STORAGE(INITIAL 65536 NEXT 1048576 MINEXTENTS 1 MAXEXTENTS 2147483645
  PCTINCREASE 0 FREELISTS 1 FREELIST GROUPS 1
  BUFFER_POOL DEFAULT FLASH_CACHE DEFAULT CELL_FLASH_CACHE DEFAULT)
  TABLESPACE "USERS"  ENABLE;
--------------------------------------------------------
--  Constraints for Table USER_INFO
--------------------------------------------------------

  ALTER TABLE "MIAWW"."USER_INFO" MODIFY ("USER_ID" NOT NULL ENABLE);
  ALTER TABLE "MIAWW"."USER_INFO" ADD CONSTRAINT "USER_INFO_PK" PRIMARY KEY ("USER_ID")
  USING INDEX PCTFREE 10 INITRANS 2 MAXTRANS 255 
  STORAGE(INITIAL 65536 NEXT 1048576 MINEXTENTS 1 MAXEXTENTS 2147483645
  PCTINCREASE 0 FREELISTS 1 FREELIST GROUPS 1
  BUFFER_POOL DEFAULT FLASH_CACHE DEFAULT CELL_FLASH_CACHE DEFAULT)
  TABLESPACE "USERS"  ENABLE;
  ALTER TABLE "MIAWW"."USER_INFO" ADD CONSTRAINT "USER_INFO_UK1" UNIQUE ("USERNAME")
  USING INDEX PCTFREE 10 INITRANS 2 MAXTRANS 255 COMPUTE STATISTICS 
  STORAGE(INITIAL 65536 NEXT 1048576 MINEXTENTS 1 MAXEXTENTS 2147483645
  PCTINCREASE 0 FREELISTS 1 FREELIST GROUPS 1
  BUFFER_POOL DEFAULT FLASH_CACHE DEFAULT CELL_FLASH_CACHE DEFAULT)
  TABLESPACE "USERS"  ENABLE;
--------------------------------------------------------
--  Constraints for Table ROLE_INFO
--------------------------------------------------------

  ALTER TABLE "MIAWW"."ROLE_INFO" MODIFY ("ROLE_ID" NOT NULL ENABLE);
  ALTER TABLE "MIAWW"."ROLE_INFO" ADD CONSTRAINT "ROLE_INFO_PK" PRIMARY KEY ("ROLE_ID")
  USING INDEX PCTFREE 10 INITRANS 2 MAXTRANS 255 
  STORAGE(INITIAL 65536 NEXT 1048576 MINEXTENTS 1 MAXEXTENTS 2147483645
  PCTINCREASE 0 FREELISTS 1 FREELIST GROUPS 1
  BUFFER_POOL DEFAULT FLASH_CACHE DEFAULT CELL_FLASH_CACHE DEFAULT)
  TABLESPACE "USERS"  ENABLE;
